"list_id","name","description","nfc_tag","qr_code","created_by","created_at","behaviour","gear_ids"
"lst_set_0001","High ropes ATC / Pilot","Auto-exploded from set: High ropes ATC / Pilot","","","","2026-04-29T03:33:40.97359+00:00","signable","1,2,3"
"lst_set_0045","Climbing room Figure 8 Puke Ab/ Black","Auto-exploded from set: Climbing room Figure 8 Puke Ab/ Black","","","","2026-04-29T03:33:40.97359+00:00","signable","45,46"
"lst_set_0047","High ropes ATC / Black","Auto-exploded from set: High ropes ATC / Black","","","","2026-04-29T03:33:40.97359+00:00","signable","47,48,49"
"lst_set_0050","High ropes ATC / White","Auto-exploded from set: High ropes ATC / White","","","","2026-04-29T03:33:40.97359+00:00","signable","50,51,52"
"lst_set_0053","High ropes Figure 8 / Black","Auto-exploded from set: High ropes Figure 8 / Black","","","","2026-04-29T03:33:40.97359+00:00","signable","53,54,55,56,57,58"
"lst_set_0227","Climbing room Puke Ab Carabiners / Black","Auto-exploded from set: Climbing room Puke Ab Carabiners / Black","","","","2026-04-29T03:33:40.97359+00:00","signable","227,228,229,230,231,232,233,234,235,236,237,238,239,240"
"lst_set_0241","Climbing room Puke Ab Steel Carabiners / Black-White-Red","Auto-exploded from set: Climbing room Puke Ab Steel Carabiners / Black-White-Red","","","","2026-04-29T03:33:40.97359+00:00","signable","241,242,243,244"
"lst_set_0245","Tech locking Carabiner-01 / Black","Auto-exploded from set: Tech locking Carabiner-01 / Black","","","","2026-04-29T03:33:40.97359+00:00","signable","245,246,247,248"
"lst_set_0249","Tech locking Carabiner-02 / White","Auto-exploded from set: Tech locking Carabiner-02 / White","","","","2026-04-29T03:33:40.97359+00:00","signable","249,250,251,252"
"lst_set_0253","Tech locking Carabiner-03 / Yellow","Auto-exploded from set: Tech locking Carabiner-03 / Yellow","","","","2026-04-29T03:33:40.97359+00:00","signable","253,254,255,256"
"lst_set_0257","Tech locking Carabiner-04 / Red","Auto-exploded from set: Tech locking Carabiner-04 / Red","","","","2026-04-29T03:33:40.97359+00:00","signable","257,258,259,260"
"lst_set_0261","Tech locking Carabiner-05 / Blue","Auto-exploded from set: Tech locking Carabiner-05 / Blue","","","","2026-04-29T03:33:40.97359+00:00","signable","261,262,263,264"
"lst_set_0265","Tech locking Carabiner-06 / Green","Auto-exploded from set: Tech locking Carabiner-06 / Green","","","","2026-04-29T03:33:40.97359+00:00","signable","265,266,267,268"
"lst_set_0269","Tech locking Carabiner-07 / Black-White","Auto-exploded from set: Tech locking Carabiner-07 / Black-White","","","","2026-04-29T03:33:40.97359+00:00","signable","269,270,271,272"
"lst_set_0273","Tech locking Carabiner-08 / Yellow-Red","Auto-exploded from set: Tech locking Carabiner-08 / Yellow-Red","","","","2026-04-29T03:33:40.97359+00:00","signable","273,274,275,276"
"lst_set_0277","Tech locking Carabiner-09 / Blue-Green","Auto-exploded from set: Tech locking Carabiner-09 / Blue-Green","","","","2026-04-29T03:33:40.97359+00:00","signable","277,278,279,280"
"lst_set_0281","Tech locking Carabiner-10 / White-Red","Auto-exploded from set: Tech locking Carabiner-10 / White-Red","","","","2026-04-29T03:33:40.97359+00:00","signable","281,282,283,284"
"lst_set_0285","Tech locking Carabiner-11 / Green-Black","Auto-exploded from set: Tech locking Carabiner-11 / Green-Black","","","","2026-04-29T03:33:40.97359+00:00","signable","285,286,287,288"
"lst_set_0289","Tech locking Carabiner-12 / Blue-Yellow","Auto-exploded from set: Tech locking Carabiner-12 / Blue-Yellow","","","","2026-04-29T03:33:40.97359+00:00","signable","289,290,291,292"
"lst_set_0293","Tech locking Carabiner-13 / Red-Black","Auto-exploded from set: Tech locking Carabiner-13 / Red-Black","","","","2026-04-29T03:33:40.97359+00:00","signable","293,294,295,296"
"lst_set_0297","Tech locking Carabiner-14 / Blue-Red","Auto-exploded from set: Tech locking Carabiner-14 / Blue-Red","","","","2026-04-29T03:33:40.97359+00:00","signable","297,298,299,300"
"lst_set_0301","Tech locking Carabiner-15 / White-Green","Auto-exploded from set: Tech locking Carabiner-15 / White-Green","","","","2026-04-29T03:33:40.97359+00:00","signable","301,302,303,304"
"lst_set_0305","Tech locking Carabiner-16 / Blue-Black","Auto-exploded from set: Tech locking Carabiner-16 / Blue-Black","","","","2026-04-29T03:33:40.97359+00:00","signable","305,306,307,308"
"lst_set_0309","Tech locking Carabiner-17 / Green-Red","Auto-exploded from set: Tech locking Carabiner-17 / Green-Red","","","","2026-04-29T03:33:40.97359+00:00","signable","309,310,311,312"
"lst_set_0313","Tech locking Carabiner-18 / Yellow-Green","Auto-exploded from set: Tech locking Carabiner-18 / Yellow-Green","","","","2026-04-29T03:33:40.97359+00:00","signable","313,314,315,316"
"lst_set_0317","Tech locking Carabiner-19 / White-Blue","Auto-exploded from set: Tech locking Carabiner-19 / White-Blue","","","","2026-04-29T03:33:40.97359+00:00","signable","317,318,319,320"
"lst_set_0321","Tech locking Carabiner-20 / Yellow-Black","Auto-exploded from set: Tech locking Carabiner-20 / Yellow-Black","","","","2026-04-29T03:33:40.97359+00:00","signable","321,322,323,324"
"lst_set_0325","Tech locking Carabiner-21 / Yellow-White","Auto-exploded from set: Tech locking Carabiner-21 / Yellow-White","","","","2026-04-29T03:33:40.97359+00:00","signable","325,326,327,328"
"lst_set_0329","Climbing room Quad Anchor set - 01 / White-Red","Auto-exploded from set: Climbing room Quad Anchor set - 01 / White-Red","","Hillary Outdoors - Climbing room Anchors - 001","","2026-04-29T03:33:40.97359+00:00","signable","331,329,330"
"lst_set_0332","Climbing room Quad Anchor set -02 / Green-Black","Auto-exploded from set: Climbing room Quad Anchor set -02 / Green-Black","","Hillary Outdoors - Climbing room Anchors - 003","","2026-04-29T03:33:40.97359+00:00","signable","334,332,333"
"lst_set_0191","Climbing room Alloy Carabiners / Blue","Auto-exploded from set: Climbing room Alloy Carabiners / Blue","","Hillary Outdoors - Upstairs climbing room - 012","","2026-04-29T03:33:40.97359+00:00","signable","192,195,198,193,196,199,191,194,197"
"lst_set_0200","Climbing room Alloy Carabiners / Green","Auto-exploded from set: Climbing room Alloy Carabiners / Green","","Hillary Outdoors - Upstairs climbing room - 017","","2026-04-29T03:33:40.97359+00:00","signable","200,203,206,201,204,207,202,205,208"
"lst_set_0209","Climbing room Alloy Carabiners / Yellow","Auto-exploded from set: Climbing room Alloy Carabiners / Yellow","","Hillary Outdoors - Upstairs climbing room - 002","","2026-04-29T03:33:40.97359+00:00","signable","211,214,209,212,215,210,213,216,217"
"lst_set_0218","Climbing room Alloy Carabiners / red-Green","Auto-exploded from set: Climbing room Alloy Carabiners / Yellow-Green","","Hillary Outdoors - Upstairs climbing room - 004","","2026-04-29T03:33:40.97359+00:00","signable","218,221,224,219,222,225,220,223,226"
"lst_set_0633","Climbing room 5mm Prusik / Black","Auto-exploded from set: Climbing room 5mm Prusik / Black","","Hillary Outdoors - Upstairs climbing room - 018","","2026-04-29T03:33:40.97359+00:00","signable","633,634,635"
"lst_set_0636","Climbing room 5mm Prusik / Blue","Auto-exploded from set: Climbing room 5mm Prusik / Blue","","Hillary Outdoors - Upstairs climbing room - 029","","2026-04-29T03:33:40.97359+00:00","signable","636,637,638"
"lst_set_0642","Climbing room 5mm Prusik / Red","Auto-exploded from set: Climbing room 5mm Prusik / Red","","Hillary Outdoors - Upstairs climbing room - 028","","2026-04-29T03:33:40.97359+00:00","signable","642,643,644"
"lst_set_0645","Climbing room 5mm Prusik / White","Auto-exploded from set: Climbing room 5mm Prusik / White","","Hillary Outdoors - Upstairs climbing room - 023","","2026-04-29T03:33:40.97359+00:00","signable","645,647,646"
"lst_set_0024","Climbing room ATC / Blue","Auto-exploded from set: Climbing room ATC / Blue","","Hillary Outdoors - Upstairs climbing room - 025","","2026-04-29T03:33:40.97359+00:00","signable","24,25,26"
"lst_set_0030","Climbing room ATC / Red","Auto-exploded from set: Climbing room ATC / Red","","Hillary Outdoors - Upstairs climbing room - 020","","2026-04-29T03:33:40.97359+00:00","signable","30,31,32"
"lst_set_0033","Climbing room ATC / Yellow","Auto-exploded from set: Climbing room ATC / Yellow","","Hillary Outdoors - Upstairs climbing room - 015","","2026-04-29T03:33:40.97359+00:00","signable","33,35,34"
"lst_set_0036","Climbing room Figure 8 / Blue","Auto-exploded from set: Climbing room Figure 8 / Blue","","Hillary Outdoors - Upstairs climbing room - 036","","2026-04-29T03:33:40.97359+00:00","signable","37,36,38"
"lst_set_0042","Climbing room Figure 8 Orange","Auto-exploded from set: Climbing room Figure 8 Orange","","Hillary Outdoors - Upstairs climbing room - 013","","2026-04-29T03:33:40.97359+00:00","signable","43,42,44"
"lst_set_0676","Tech room Quickdraws-10 / White-Red","Auto-exploded from set: Tech room Quickdraws-10 / White-Red","","","","2026-04-29T03:33:40.97359+00:00","signable","676,677,678,679,680,681"
"lst_set_0682","Tech room Quickdraws-11 / Green/Black","Auto-exploded from set: Tech room Quickdraws-11 / Green/Black","","","","2026-04-29T03:33:40.97359+00:00","signable","682,683,684,685,686,687"
"lst_set_0688","Tech room Quickdraws-12 / Blue/Yellow","Auto-exploded from set: Tech room Quickdraws-12 / Blue/Yellow","","","","2026-04-29T03:33:40.97359+00:00","signable","688,689,690,691,692,693"
"lst_set_0694","Tech room Quickdraws-13 / Red/Black","Auto-exploded from set: Tech room Quickdraws-13 / Red/Black","","","","2026-04-29T03:33:40.97359+00:00","signable","694,695,696,697,698,699"
"lst_set_0700","Tech room Quickdraws-14 / Blue/Red","Auto-exploded from set: Tech room Quickdraws-14 / Blue/Red","","","","2026-04-29T03:33:40.97359+00:00","signable","700,701,702,703,704,705"
"lst_set_0706","Tech room Quickdraws-15 / White/Green","Auto-exploded from set: Tech room Quickdraws-15 / White/Green","","","","2026-04-29T03:33:40.97359+00:00","signable","706,707,708,709,710,711"
"lst_set_0712","Tech room Quickdraws-16 / Blue/Black","Auto-exploded from set: Tech room Quickdraws-16 / Blue/Black","","","","2026-04-29T03:33:40.97359+00:00","signable","712,713,714,715,716,717"
"lst_set_0718","Tech room Quickdraws-17 / Green/Red","Auto-exploded from set: Tech room Quickdraws-17 / Green/Red","","","","2026-04-29T03:33:40.97359+00:00","signable","718,719,720,721,722,723"
"lst_set_0724","Tech room Quickdraws-01 / Black","Auto-exploded from set: Tech room Quickdraws-01 / Black","","","","2026-04-29T03:33:40.97359+00:00","signable","724,725,726,727,728,729"
"lst_set_0730","Tech room Quickdraws-02 / White","Auto-exploded from set: Tech room Quickdraws-02 / White","","","","2026-04-29T03:33:40.97359+00:00","signable","730,731,732,733,734,735"
"lst_set_0736","Tech room Quickdraws-03 / Yellow","Auto-exploded from set: Tech room Quickdraws-03 / Yellow","","","","2026-04-29T03:33:40.97359+00:00","signable","736,737,738,739,740,741"
"lst_set_0742","Tech room Quickdraws-04 / Red","Auto-exploded from set: Tech room Quickdraws-04 / Red","","","","2026-04-29T03:33:40.97359+00:00","signable","742,743,744,745,746,747"
"lst_set_0748","Tech room Quickdraws-05 / Blue","Auto-exploded from set: Tech room Quickdraws-05 / Blue","","","","2026-04-29T03:33:40.97359+00:00","signable","748,749,750,751,752,753"
"lst_set_0754","Tech room Quickdraws-06 / Green","Auto-exploded from set: Tech room Quickdraws-06 / Green","","","","2026-04-29T03:33:40.97359+00:00","signable","754,755,756,757,758,759"
"lst_set_0760","Tech room Quickdraws-07 / Black-White","Auto-exploded from set: Tech room Quickdraws-07 / Black-White","","","","2026-04-29T03:33:40.97359+00:00","signable","760,761,762,763,764,765"
"lst_set_0766","Tech room Quickdraws-08 / Yellow-Red","Auto-exploded from set: Tech room Quickdraws-08 / Yellow-Red","","","","2026-04-29T03:33:40.97359+00:00","signable","766,767,768,769,770,771"
"lst_set_0772","Tech room Quickdraws-09 / Blue-Green","Auto-exploded from set: Tech room Quickdraws-09 / Blue-Green","","","","2026-04-29T03:33:40.97359+00:00","signable","772,773,774,775,776,777"
"lst_set_0891","Climbing room 4mCR1 Slings","Auto-exploded from set: Climbing room 4mCR1 Slings","","","","2026-04-29T03:33:40.97359+00:00","signable","891,892"
"lst_set_0897","Climbing room 5mCR3 Slings","Auto-exploded from set: Climbing room 5mCR3 Slings","","","","2026-04-29T03:33:40.97359+00:00","signable","897,898"
"lst_set_0899","Climbing room Puke A-Slings (Anchor)","Auto-exploded from set: Climbing room Puke A-Slings (Anchor)","","","","2026-04-29T03:33:40.97359+00:00","signable","899,900"
"lst_set_0901","Climbing room Puke R-Slings (Redirect)","Auto-exploded from set: Climbing room Puke R-Slings (Redirect)","","","","2026-04-29T03:33:40.97359+00:00","signable","901,902"
"LST895","Puke Absail Kit","Full Puke absail kit","NFC-LIST-895","QR-LIST-895","","2026-04-30T01:06:52.118913+00:00","signable","45,46,227,228,229,230,231,232,233,234,235,236,237,238,239,240,241,242,243,244,899,900,901,902,832,841,883"
"lst_trad_yellow","Trad Rack Yellow","Auto-built — 44 items per rack","","","","2026-04-30T20:36:58.875328+00:00","signable","2988,2989,2990,2991,2992,2993,2994,2995,2996,3013,3014,3015,2997,2998,2999,3000,3001,3002,3003,3004,3005,3006,3007,3008,3009,3010,3011,3012,3016,3017,3018,3019,3020,3021,3022,3023,3024,3025,3026,3027,3028,3029,3030,3031"
"lst_trad_red","Trad Rack Red","Auto-built — 44 items per rack","","","","2026-04-30T20:36:58.875328+00:00","signable","3032,3033,3034,3035,3036,3037,3038,3039,3040,3057,3058,3059,3041,3042,3043,3044,3045,3046,3047,3048,3049,3050,3051,3052,3053,3054,3055,3056,3060,3061,3062,3063,3064,3065,3066,3067,3068,3069,3070,3071,3072,3073,3074,3075"
"lst_trad_green","Trad Rack Green","Auto-built — 44 items per rack","","","","2026-04-30T20:36:58.875328+00:00","signable","3076,3077,3078,3079,3080,3081,3082,3083,3084,3101,3102,3103,3085,3086,3087,3088,3089,3090,3091,3092,3093,3094,3095,3096,3097,3098,3099,3100,3104,3105,3106,3107,3108,3109,3110,3111,3112,3113,3114,3115,3116,3117,3118,3119"
"lst_trad_white","Trad Rack White","Auto-built — 44 items per rack","","","","2026-04-30T20:36:58.875328+00:00","signable","3120,3121,3122,3123,3124,3125,3126,3127,3128,3145,3146,3147,3129,3130,3131,3132,3133,3134,3135,3136,3137,3138,3139,3140,3141,3142,3143,3144,3148,3149,3150,3151,3152,3153,3154,3155,3156,3157,3158,3159,3160,3161,3162,3163"
"lst_trad_blue","Trad Rack Blue","Auto-built — 44 items per rack","","","","2026-04-30T20:36:58.875328+00:00","signable","3164,3165,3166,3167,3168,3169,3170,3171,3172,3189,3190,3191,3173,3174,3175,3176,3177,3178,3179,3180,3181,3182,3183,3184,3185,3186,3187,3188,3192,3193,3194,3195,3196,3197,3198,3199,3200,3201,3202,3203,3204,3205,3206,3207"
"lst_trad_yellowgreen","Trad Rack Yellow-Green","Auto-built — 44 items per rack","","","","2026-04-30T20:36:58.875328+00:00","signable","3208,3209,3210,3211,3212,3213,3214,3215,3216,3233,3234,3235,3217,3218,3219,3220,3221,3222,3223,3224,3225,3226,3227,3228,3229,3230,3231,3232,3236,3237,3238,3239,3240,3241,3242,3243,3244,3245,3246,3247,3248,3249,3250,3251"
"lst_shovel_yellow","Student Shovel Set Yellow","Auto-built — 4 shovels","","","","2026-04-30T20:36:58.875328+00:00","signable","3748,3749,3750,3751"
"lst_shovel_green","Student Shovel Set Green","Auto-built — 4 shovels","","","","2026-04-30T20:36:58.875328+00:00","signable","3752,3753,3754,3755"
"lst_shovel_blue","Student Shovel Set Blue","Auto-built — 4 shovels","","","","2026-04-30T20:36:58.875328+00:00","signable","3756,3757,3758,3759"
"lst_locker_01","Locker 01","All gear in Locker 01 — auto-built","","","","2026-04-30T20:36:58.875328+00:00","monitored_only","1375,1376,1377,1378,1379,1380,1381,1383,1384,3252,3253,3254,3255,3256,3257,3258,3259,3260,3261,3262,3263,1386,1387,1388,1389,1390,1391,1392,1393,1394,1395,1396,1397,1398,1399,1400,1401,1402,1403,1404,1405,1406,1407,1408,1409,1410,1411,1412,1413,1414,1415,1416,1417,1418,1419,1420,1421,1422,1423,1424,1425,1426,1427,1428,1429,1430,1431,1432,1433,1434,1435,1436,1437,1438,1439,1440,1441,1442,1443,1444,1445,1446,1447,1448,1449,1450,1451,1452,1453,1454,1455,1456,1457,1458,1459,1382,1385,1373,1374"
"lst_locker_02","Locker 02","All gear in Locker 02 — auto-built","","","","2026-04-30T20:36:58.875328+00:00","monitored_only","1463,1464,1465,1466,1467,1468,1469,1471,1472,3264,3265,3266,3267,3268,3269,3270,3271,3272,3273,3274,3275,1474,1475,1476,1477,1478,1479,1480,1481,1482,1483,1484,1485,1486,1487,1488,1489,1490,1491,1492,1493,1494,1495,1496,1497,1498,1499,1500,1501,1502,1503,1504,1505,1506,1507,1508,1509,1510,1511,1512,1513,1514,1515,1516,1517,1518,1519,1520,1521,1522,1523,1524,1525,1526,1527,1528,1529,1530,1531,1532,1533,1534,1535,1536,1537,1538,1539,1540,1541,1542,1543,1544,1545,1546,1547,1470,1473,1461,1462"
"lst_locker_03","Locker 03","All gear in Locker 03 — auto-built","","","","2026-04-30T20:36:58.875328+00:00","monitored_only","1551,1552,1553,1554,1555,1556,1557,1559,1560,3276,3277,3278,3279,3280,3281,3282,3283,3284,3285,3286,3287,1562,1563,1564,1565,1566,1567,1568,1569,1570,1571,1572,1573,1574,1575,1576,1577,1578,1579,1580,1581,1582,1583,1584,1585,1586,1587,1588,1589,1590,1591,1592,1593,1594,1595,1596,1597,1598,1599,1600,1601,1602,1603,1604,1605,1606,1607,1608,1609,1610,1611,1612,1613,1614,1615,1616,1617,1618,1619,1620,1621,1622,1623,1624,1625,1626,1627,1628,1629,1630,1631,1632,1633,1634,1635,1558,1561,1549,1550"
"lst_locker_04","Locker 04","All gear in Locker 04 — auto-built","","","","2026-04-30T20:36:58.875328+00:00","monitored_only","1639,1640,1641,1642,1643,1644,1645,1647,1648,3288,3289,3290,3291,3292,3293,3294,3295,3296,3297,3298,3299,1650,1651,1652,1653,1654,1655,1656,1657,1658,1659,1660,1661,1662,1663,1664,1665,1666,1667,1668,1669,1670,1671,1672,1673,1674,1675,1676,1677,1678,1679,1680,1681,1682,1683,1684,1685,1686,1687,1688,1689,1690,1691,1692,1693,1694,1695,1696,1697,1698,1699,1700,1701,1702,1703,1704,1705,1706,1707,1708,1709,1710,1711,1712,1713,1714,1715,1716,1717,1718,1719,1720,1721,1722,1723,1646,1649,1637,1638"
"lst_locker_05","Locker 05","All gear in Locker 05 — auto-built","","","","2026-04-30T20:36:58.875328+00:00","monitored_only","1727,1728,1729,1730,1731,1732,1733,1735,1736,3300,3301,3302,3303,3304,3305,3306,3307,3308,3309,3310,3311,1738,1739,1740,1741,1742,1743,1744,1745,1746,1747,1748,1749,1750,1751,1752,1753,1754,1755,1756,1757,1758,1759,1760,1761,1762,1763,1764,1765,1766,1767,1768,1769,1770,1771,1772,1773,1774,1775,1776,1777,1778,1779,1780,1781,1782,1783,1784,1785,1786,1787,1788,1789,1790,1791,1792,1793,1794,1795,1796,1797,1798,1799,1800,1801,1802,1803,1804,1805,1806,1807,1808,1809,1810,1811,1734,1737,1725,1726"
"lst_locker_06","Locker 06","All gear in Locker 06 — auto-built","","","","2026-04-30T20:36:58.875328+00:00","monitored_only","1815,1816,1817,1818,1819,1820,1821,1823,1824,3312,3313,3314,3315,3316,3317,3318,3319,3320,3321,3322,3323,1826,1827,1828,1829,1830,1831,1832,1833,1834,1835,1836,1837,1838,1839,1840,1841,1842,1843,1844,1845,1846,1847,1848,1849,1850,1851,1852,1853,1854,1855,1856,1857,1858,1859,1860,1861,1862,1863,1864,1865,1866,1867,1868,1869,1870,1871,1872,1873,1874,1875,1876,1877,1878,1879,1880,1881,1882,1883,1884,1885,1886,1887,1888,1889,1890,1891,1892,1893,1894,1895,1896,1897,1898,1899,1822,1825,1813,1814"
"lst_locker_07","Locker 07","All gear in Locker 07 — auto-built","","","","2026-04-30T20:36:58.875328+00:00","monitored_only","1903,1904,1905,1906,1907,1908,1909,1911,1912,3324,3325,3326,3327,3328,3329,3330,3331,3332,3333,3334,3335,1914,1915,1916,1917,1918,1919,1920,1921,1922,1923,1924,1925,1926,1927,1928,1929,1930,1931,1932,1933,1934,1935,1936,1937,1938,1939,1940,1941,1942,1943,1944,1945,1946,1947,1948,1949,1950,1951,1952,1953,1954,1955,1956,1957,1958,1959,1960,1961,1962,1963,1964,1965,1966,1967,1968,1969,1970,1971,1972,1973,1974,1975,1976,1977,1978,1979,1980,1981,1982,1983,1984,1985,1986,1987,1910,1913,1901,1902"
"lst_locker_08","Locker 08","All gear in Locker 08 — auto-built","","","","2026-04-30T20:36:58.875328+00:00","monitored_only","1991,1992,1993,1994,1995,1996,1997,1999,2000,3336,3337,3338,3339,3340,3341,3342,3343,3344,3345,3346,3347,2002,2003,2004,2005,2006,2007,2008,2009,2010,2011,2012,2013,2014,2015,2016,2017,2018,2019,2020,2021,2022,2023,2024,2025,2026,2027,2028,2029,2030,2031,2032,2033,2034,2035,2036,2037,2038,2039,2040,2041,2042,2043,2044,2045,2046,2047,2048,2049,2050,2051,2052,2053,2054,2055,2056,2057,2058,2059,2060,2061,2062,2063,2064,2065,2066,2067,2068,2069,2070,2071,2072,2073,2074,2075,1998,2001,1989,1990"
"lst_locker_09","Locker 09","All gear in Locker 09 — auto-built","","","","2026-04-30T20:36:58.875328+00:00","monitored_only","2079,2080,2081,2082,2083,2084,2085,2087,2088,3348,3349,3350,3351,3352,3353,3354,3355,3356,3357,3358,3359,2090,2091,2092,2093,2094,2095,2096,2097,2098,2099,2100,2101,2102,2103,2104,2105,2106,2107,2108,2109,2110,2111,2112,2113,2114,2115,2116,2117,2118,2119,2120,2121,2122,2123,2124,2125,2126,2127,2128,2129,2130,2131,2132,2133,2134,2135,2136,2137,2138,2139,2140,2141,2142,2143,2144,2145,2146,2147,2148,2149,2150,2151,2152,2153,2154,2155,2156,2157,2158,2159,2160,2161,2162,2163,2086,2089,2077,2078"
"lst_locker_10","Locker 10","All gear in Locker 10 — auto-built","","","","2026-04-30T20:36:58.875328+00:00","monitored_only","2167,2168,2169,2170,2171,2172,2173,2175,2176,3360,3361,3362,3363,3364,3365,3366,3367,3368,3369,3370,3371,2178,2179,2180,2181,2182,2183,2184,2185,2186,2187,2188,2189,2190,2191,2192,2193,2194,2195,2196,2197,2198,2199,2200,2201,2202,2203,2204,2205,2206,2207,2208,2209,2210,2211,2212,2213,2214,2215,2216,2217,2218,2219,2220,2221,2222,2223,2224,2225,2226,2227,2228,2229,2230,2231,2232,2233,2234,2235,2236,2237,2238,2239,2240,2241,2242,2243,2244,2245,2246,2247,2248,2249,2250,2251,2174,2177,2165,2166"
"lst_locker_11","Locker 11","All gear in Locker 11 — auto-built","","","","2026-04-30T20:36:58.875328+00:00","monitored_only","2255,2256,2257,2258,2259,2260,2261,2263,2264,3372,3373,3374,3375,3376,3377,3378,3379,3380,3381,3382,3383,2266,2267,2268,2269,2270,2271,2272,2273,2274,2275,2276,2277,2278,2279,2280,2281,2282,2283,2284,2285,2286,2287,2288,2289,2290,2291,2292,2293,2294,2295,2296,2297,2298,2299,2300,2301,2302,2303,2304,2305,2306,2307,2308,2309,2310,2311,2312,2313,2314,2315,2316,2317,2318,2319,2320,2321,2322,2323,2324,2325,2326,2327,2328,2329,2330,2331,2332,2333,2334,2335,2336,2337,2338,2339,2262,2265,2253,2254"
"lst_locker_12","Locker 12","All gear in Locker 12 — auto-built","","","","2026-04-30T20:36:58.875328+00:00","monitored_only","2343,2344,2345,2346,2347,2348,2349,3471,2351,2352,3384,3385,3386,3387,3388,3389,3390,3391,3392,3393,3394,3395,2354,2355,2356,2357,2358,2359,2360,2361,2362,2363,2364,2365,2366,2367,2368,2369,2370,2371,2372,2373,2374,2375,2376,2377,2378,2379,2380,2381,2382,2383,2384,2385,2386,2387,2388,2389,2390,2391,2392,2393,2394,2395,2396,2397,2398,2399,2400,2401,2402,2403,2404,2405,2406,2407,2408,2409,2410,2411,2412,2413,2414,2415,2416,2417,2418,2419,2420,2421,2422,2423,2424,2425,2426,2427,2350,2353,2341,2342"
"lst_locker_13","Locker 13","All gear in Locker 13 — auto-built","","","","2026-04-30T20:36:58.875328+00:00","monitored_only","2431,2432,2433,2434,2435,2436,2437,3472,2439,2440,3396,3397,3398,3399,3400,3401,3402,3403,3404,3405,3406,3407,2442,2443,2444,2445,2446,2447,2448,2449,2450,2451,2452,2453,2454,2455,2456,2457,2458,2459,2460,2461,2462,2463,2464,2465,2466,2467,2468,2469,2470,2471,2472,2473,2474,2475,2476,2477,2478,2479,2480,2481,2482,2483,2484,2485,2486,2487,2488,2489,2490,2491,2492,2493,2494,2495,2496,2497,2498,2499,2500,2501,2502,2503,2504,2505,2506,2507,2508,2509,2510,2511,2512,2513,2514,2515,2438,2441,2429,2430"
"lst_locker_14","Locker 14","All gear in Locker 14 — auto-built","","","","2026-04-30T20:36:58.875328+00:00","monitored_only","2519,2520,2521,2522,2523,2524,2525,3473,2527,2528,3408,3409,3410,3411,3412,3413,3414,3415,3416,3417,3418,3419,2530,2531,2532,2533,2534,2535,2536,2537,2538,2539,2540,2541,2542,2543,2544,2545,2546,2547,2548,2549,2550,2551,2552,2553,2554,2555,2556,2557,2558,2559,2560,2561,2562,2563,2564,2565,2566,2567,2568,2569,2570,2571,2572,2573,2574,2575,2576,2577,2578,2579,2580,2581,2582,2583,2584,2585,2586,2587,2588,2589,2590,2591,2592,2593,2594,2595,2596,2597,2598,2599,2600,2601,2602,2603,2526,2529,2517,2518"
"lst_locker_15","Locker 15","All gear in Locker 15 — auto-built","","","","2026-04-30T20:36:58.875328+00:00","monitored_only","2607,2608,2609,2610,2611,2612,2613,3474,2615,2616,3420,3421,3422,3423,3424,3425,3426,3427,3428,3429,3430,3431,2618,2619,2620,2621,2622,2623,2624,2625,2626,2627,2628,2629,2630,2631,2632,2633,2634,2635,2636,2637,2638,2639,2640,2641,2642,2643,2644,2645,2646,2647,2648,2649,2650,2651,2652,2653,2654,2655,2656,2657,2658,2659,2660,2661,2662,2663,2664,2665,2666,2667,2668,2669,2670,2671,2672,2673,2674,2675,2676,2677,2678,2679,2680,2681,2682,2683,2684,2685,2686,2687,2688,2689,2690,2691,2614,2617,2605,2606"
"lst_locker_16","Locker 16","All gear in Locker 16 — auto-built","","","","2026-04-30T20:36:58.875328+00:00","monitored_only","2695,2696,2697,2698,2699,2700,2701,3475,2703,2704,3432,3433,3434,3435,3436,3437,3438,3439,3440,3441,3442,3443,2706,2707,2708,2709,2710,2711,2712,2713,2714,2715,2716,2717,2718,2719,2720,2721,2722,2723,2724,2725,2726,2727,2728,2729,2730,2731,2732,2733,2734,2735,2736,2737,2738,2739,2740,2741,2742,2743,2744,2745,2746,2747,2748,2749,2750,2751,2752,2753,2754,2755,2756,2757,2758,2759,2760,2761,2762,2763,2764,2765,2766,2767,2768,2769,2770,2771,2772,2773,2774,2775,2776,2777,2778,2779,2702,2705,2693,2694"
"lst_locker_17","Locker 17","All gear in Locker 17 — auto-built","","","","2026-04-30T20:36:58.875328+00:00","monitored_only","2783,2784,2785,2786,2787,2788,2789,3476,2791,2792,3444,3445,3446,3447,3448,3449,3450,3451,3452,3453,3454,3455,2794,2795,2796,2797,2798,2799,2800,2801,2802,2803,2804,2805,2806,2807,2808,2809,2810,2811,2812,2813,2814,2815,2816,2817,2818,2819,2820,2821,2822,2823,2824,2825,2826,2827,2828,2829,2830,2831,2832,2833,2834,2835,2836,2837,2838,2839,2840,2841,2842,2843,2844,2845,2846,2847,2848,2849,2850,2851,2852,2853,2854,2855,2856,2857,2858,2859,2860,2861,2862,2863,2864,2865,2866,2867,2790,2793,2781,2782"
"lst_locker_18","Locker 18","All gear in Locker 18 — auto-built","","","","2026-04-30T20:36:58.875328+00:00","monitored_only","2871,2872,2873,2874,2875,2876,2877,3477,2879,2880,3456,3457,3458,3459,3460,3461,3462,3463,3464,3465,3466,3467,2882,2883,2884,2885,2886,2887,2888,2889,2890,2891,2892,2893,2894,2895,2896,2897,2898,2899,2900,2901,2902,2903,2904,2905,2906,2907,2908,2909,2910,2911,2912,2913,2914,2915,2916,2917,2918,2919,2920,2921,2922,2923,2924,2925,2926,2927,2928,2929,2930,2931,2932,2933,2934,2935,2936,2937,2938,2939,2940,2941,2942,2943,2944,2945,2946,2947,2948,2949,2950,2951,2952,2953,2954,2955,2878,2881,2869,2870"
"LST719","Puke Absail Kit","Full Puke absail kit","NFC-LIST-719","Hillary Outdoors - Puke Ab 1 - 002","","2026-04-30T01:06:56.354276+00:00","signable","45,242,227,899,230,901,832,233,235,236,239,46,244,229,231,232,883,237,240,241,243,228,900,902,841,234,238"
"lst_set_0895","Climbing room 5mCR2 Slings","Auto-exploded from set: Climbing room 5mCR2 Slings","","Hillary Outdoors - Upstairs climbing room - 067","","2026-04-29T03:33:40.97359+00:00","signable","895,896"
"lst_set_0893","Climbing room 5mCR1 Slings","Auto-exploded from set: Climbing room 5mCR1 Slings","","Hillary Outdoors - Upstairs climbing room - 066","","2026-04-29T03:33:40.97359+00:00","signable","893,894"
"lst_set_0639","Climbing room 5mm Prusik / Green","Auto-exploded from set: Climbing room 5mm Prusik / Green","","Hillary Outdoors - Upstairs climbing room - 022","","2026-04-29T03:33:40.97359+00:00","signable","639,641,640"
"lst_set_0648","Climbing room 5mm Prusik / Yellow","Auto-exploded from set: Climbing room 5mm Prusik / Yellow","","Hillary Outdoors - Upstairs climbing room - 030","","2026-04-29T03:33:40.97359+00:00","signable","648,649,650"
"lst_set_0027","Climbing room ATC / Green","Auto-exploded from set: Climbing room ATC / Green","","Hillary Outdoors - Upstairs climbing room - 019","","2026-04-29T03:33:40.97359+00:00","signable","27,29,28"
"lst_set_0039","Climbing room Figure 8 / Red","Auto-exploded from set: Climbing room Figure 8 / Red","","Hillary Outdoors - Upstairs climbing room - 014","","2026-04-29T03:33:40.97359+00:00","signable","39,41,40"